Path,Date,Amount in word form,Amount in number form
check_1.png,5-15-79,seven million thirty thousand,7,030,000.00
check_2.png,6-5-73,one million nine hundred and forty thousand,1,940,000.00
check_3.png,8-25-19,five hundred and twenty-seven,527.00
check_4.png,9-11-81,seven hundred and ninety-seven,797.00
check_5.png,8-23-66,seven million six hundred and ninety thousand,7,690,000.00
check_6.png,2-13-73,five million four hundred thousand,5,400,000.00
check_7.png,2-21-11,five million two hundred and fifty thousand,5,250,000.00
check_8.png,9-6-34,seven hundred and twenty-eight,728.00
check_9.png,7-17-41,three hundred and seventy thousand,370,000.00
check_10.png,3-17-49,three hundred and twenty-six,326.00
check_11.png,1-8-59,one million sixty thousand,1,060,000.00
check_12.png,8-23-19,one hundred and sixteen,116.00
check_13.png,6-17-62,four hundred and sixty thousand,460,000.00
check_14.png,6-2-50,nine hundred and sixty-four,964.00
check_15.png,10-10-51,six million four hundred and forty thousand,6,440,000.00
check_16.png,9-22-67,nine hundred and twenty-one,921.00
check_17.png,9-8-28,seven hundred and sixty-three,763.00
check_18.png,9-10-46,four million two hundred thousand,4,200,000.00
check_19.png,5-26-97,four hundred and sixty-four,464.00
check_20.png,5-24-78,eight million fifty thousand,8,050,000.00
check_21.png,10-13-68,three hundred and thirty-seven,337.00
check_22.png,8-27-94,eight million two hundred and eighty thousand,8,280,000.00
check_23.png,5-11-11,three million five hundred and forty thousand,3,540,000.00
check_24.png,2-8-61,eight hundred and sixty-one,861.00
check_25.png,4-19-87,four million five hundred and thirty thousand,4,530,000.00
check_26.png,7-22-52,one million seven hundred and sixty thousand,1,760,000.00
check_27.png,10-12-68,six million one hundred and sixty thousand,6,160,000.00
check_28.png,9-23-81,three million five hundred and forty thousand,3,540,000.00
check_29.png,8-22-53,five hundred and ninety-three,593.00
check_30.png,6-26-38,five hundred and twenty-three,523.00
check_31.png,8-17-94,one million eight hundred and ten thousand,1,810,000.00
check_32.png,1-26-65,four million two hundred and fifty thousand,4,250,000.00
check_33.png,10-22-12,two million eight hundred and ten thousand,2,810,000.00
check_34.png,4-1-28,four million two hundred and sixty thousand,4,260,000.00
check_35.png,8-27-38,nine million eight hundred and seventy thousand,9,870,000.00
check_36.png,6-21-45,five hundred and twenty-five,525.00
check_37.png,6-21-35,nine million nine hundred and sixty thousand,9,960,000.00
check_38.png,1-5-38,eight hundred and twenty-four,824.00
check_39.png,11-10-67,four hundred and forty-five,445.00
check_40.png,4-10-54,nine hundred and ten thousand,910,000.00
check_41.png,5-26-32,four million two hundred and seventy thousand,4,270,000.00
check_42.png,1-22-97,seven hundred and eight,708.00
check_43.png,11-1-97,three hundred and sixty-eight,368.00
check_44.png,5-11-38,nine million five hundred and twenty thousand,9,520,000.00
check_45.png,11-6-67,three million four hundred and fifty thousand,3,450,000.00
check_46.png,11-17-80,five million nine hundred and fifty thousand,5,950,000.00
check_47.png,3-4-64,eight million one hundred and eighty thousand,8,180,000.00
check_48.png,2-19-20,five million two hundred and seventy thousand,5,270,000.00
check_49.png,10-17-57,seven million five hundred thousand,7,500,000.00
check_50.png,10-11-94,nine hundred and ninety,990.00
check_51.png,2-27-37,five hundred and ninety-eight,598.00
check_52.png,7-8-58,three hundred and forty-four,344.00
check_53.png,7-9-94,nine hundred and twenty-seven,927.00
check_54.png,9-24-31,three hundred and forty-eight,348.00
check_55.png,2-1-46,seven million six hundred and ten thousand,7,610,000.00
check_56.png,3-3-57,five million one hundred and thirty thousand,5,130,000.00
check_57.png,5-6-94,one million four hundred thousand,1,400,000.00
check_58.png,4-7-25,three million seventy thousand,3,070,000.00
check_59.png,11-8-16,nine million two hundred and ninety thousand,9,290,000.00
check_60.png,10-26-16,eight million nine hundred and forty thousand,8,940,000.00
check_61.png,4-25-26,one hundred and sixty-five,165.00
check_62.png,4-27-35,nine hundred and seventy-four,974.00
check_63.png,10-26-46,two million seven hundred and fifty thousand,2,750,000.00
check_64.png,8-1-65,seven hundred and twenty-seven,727.00
check_65.png,8-21-22,one million nine hundred thousand,1,900,000.00
check_66.png,4-17-73,one hundred and seventy-seven,177.00
check_67.png,3-14-22,eight hundred and thirty-nine,839.00
check_68.png,2-22-87,two million one hundred and ninety thousand,2,190,000.00
check_69.png,2-27-65,eight hundred and sixty-nine,869.00
check_70.png,1-15-49,one hundred and fifteen,115.00
check_71.png,9-9-27,nine hundred and forty-five,945.00
check_72.png,8-4-49,seven million nine hundred and thirty thousand,7,930,000.00
check_73.png,8-11-90,two hundred and eight,208.00
check_74.png,5-27-33,one hundred and eleven,111.00
check_75.png,5-5-91,eight million eight hundred and fifty thousand,8,850,000.00
check_76.png,7-10-36,nine million,9,000,000.00
check_77.png,4-17-43,three million one hundred and ten thousand,3,110,000.00
check_78.png,10-18-22,seven million one hundred thousand,7,100,000.00
check_79.png,9-10-82,four million seven hundred and seventy thousand,4,770,000.00
check_80.png,8-9-73,five hundred and thirteen,513.00
check_81.png,8-2-40,one hundred and seventy-one,171.00
check_82.png,5-23-54,five million eight hundred and eighty thousand,5,880,000.00
check_83.png,4-26-19,five hundred and sixty-seven,567.00
check_84.png,4-6-85,seven hundred and ninety thousand,790,000.00
check_85.png,11-2-39,five million six hundred and fifty thousand,5,650,000.00
check_86.png,4-22-23,eight million five hundred and ninety thousand,8,590,000.00
check_87.png,10-11-91,nine hundred and seventy-four,974.00
check_88.png,10-7-48,one hundred and forty-three,143.00
check_89.png,11-9-74,three hundred and seventy-one,371.00
check_90.png,6-9-15,eight million five hundred and ten thousand,8,510,000.00
check_91.png,4-5-55,six million eight hundred and twenty thousand,6,820,000.00
check_92.png,11-27-21,two hundred and twenty-four,224.00
check_93.png,4-9-71,seven hundred and fifteen,715.00
check_94.png,7-22-52,nine million ten thousand,9,010,000.00
check_95.png,1-6-58,one hundred and twenty thousand,120,000.00
check_96.png,5-8-89,five hundred and eighty-four,584.00
check_97.png,4-22-82,three hundred and forty-eight,348.00
check_98.png,10-5-70,four hundred and seventy-four,474.00
check_99.png,3-9-73,two million ten thousand,2,010,000.00
